-- phpMyAdmin SQL Dump
-- version 5.2.1
-- https://www.phpmyadmin.net/
--
-- Host: 127.0.0.1
-- Waktu pembuatan: 21 Des 2023 pada 07.40
-- Versi server: 10.4.32-MariaDB
-- Versi PHP: 8.2.12

SET SQL_MODE = "NO_AUTO_VALUE_ON_ZERO";
START TRANSACTION;
SET time_zone = "+00:00";


/*!40101 SET @OLD_CHARACTER_SET_CLIENT=@@CHARACTER_SET_CLIENT */;
/*!40101 SET @OLD_CHARACTER_SET_RESULTS=@@CHARACTER_SET_RESULTS */;
/*!40101 SET @OLD_COLLATION_CONNECTION=@@COLLATION_CONNECTION */;
/*!40101 SET NAMES utf8mb4 */;

--
-- Database: `sgc`
--

-- --------------------------------------------------------

--
-- Struktur dari tabel `auth_groups_users`
--

CREATE TABLE `auth_groups_users` (
  `id` int(11) UNSIGNED NOT NULL,
  `user_id` int(11) UNSIGNED NOT NULL,
  `group` varchar(255) NOT NULL,
  `created_at` datetime NOT NULL
) ENGINE=InnoDB DEFAULT CHARSET=utf8 COLLATE=utf8_general_ci;

--
-- Dumping data untuk tabel `auth_groups_users`
--

INSERT INTO `auth_groups_users` (`id`, `user_id`, `group`, `created_at`) VALUES
(1, 1, 'superadmin', '2023-12-14 11:16:21'),
(2, 2, 'superadmin', '2023-12-14 15:11:54'),
(3, 5, 'user', '2023-12-14 16:49:38'),
(4, 3, 'superadmin', '2023-12-14 17:50:34'),
(11, 16, 'user', '2023-12-20 15:52:26');

-- --------------------------------------------------------

--
-- Struktur dari tabel `auth_identities`
--

CREATE TABLE `auth_identities` (
  `id` int(11) UNSIGNED NOT NULL,
  `user_id` int(11) UNSIGNED NOT NULL,
  `type` varchar(255) NOT NULL,
  `name` varchar(255) DEFAULT NULL,
  `secret` varchar(255) NOT NULL,
  `secret2` varchar(255) DEFAULT NULL,
  `expires` datetime DEFAULT NULL,
  `extra` text DEFAULT NULL,
  `force_reset` tinyint(1) NOT NULL DEFAULT 0,
  `last_used_at` datetime DEFAULT NULL,
  `created_at` datetime DEFAULT NULL,
  `updated_at` datetime DEFAULT NULL
) ENGINE=InnoDB DEFAULT CHARSET=utf8 COLLATE=utf8_general_ci;

--
-- Dumping data untuk tabel `auth_identities`
--

INSERT INTO `auth_identities` (`id`, `user_id`, `type`, `name`, `secret`, `secret2`, `expires`, `extra`, `force_reset`, `last_used_at`, `created_at`, `updated_at`) VALUES
(1, 1, 'email_password', 'admin1', 'mauzi@gmail.com', '$2y$12$OxX14Dp6xy3r6UAwu9W08e0UC4PG.51MfWYEZ3c9tUS89Veobcf32', NULL, NULL, 0, '2023-12-20 15:47:37', '2023-12-14 11:16:21', '2023-12-20 17:56:29'),
(2, 2, 'email_password', NULL, 'fauzirevdl@gmail.com', '$2y$12$nZcHWxebwChiRtJeVp.WX.jBBfh7Xfj3F1JLoQvSYQu1evScftRzu', NULL, NULL, 0, NULL, '2023-12-14 15:11:54', '2023-12-20 16:52:16'),
(3, 3, 'email_password', NULL, 'admin2@mail.com', '$2y$12$vIpybbEdeyUwJ0sfiBAlSu3e95XuQboFj7dQSAJ/OkKKOXnMoNAca', NULL, NULL, 0, NULL, '2023-12-14 16:33:31', '2023-12-20 16:52:39'),
(4, 5, 'email_password', NULL, 'fauzimuhamad511@gmail.com', '$2y$12$JUqgw2pVTWL0vlS8Ua2VEeG9E/ZAtNm/Zg.772iMuoA0XWuL3/3rO', NULL, NULL, 0, NULL, '2023-12-14 16:49:38', '2023-12-20 16:53:26'),
(11, 16, 'email_password', NULL, 'imayda@gmail.com', '$2y$12$.Rcikoo/WcWDDSadqVcP1O2aNC6HmTYgo5ACBV1FQ4WfsZmHLoLcq', NULL, NULL, 0, NULL, '2023-12-20 15:52:26', '2023-12-20 17:53:50');

-- --------------------------------------------------------

--
-- Struktur dari tabel `auth_logins`
--

CREATE TABLE `auth_logins` (
  `id` int(11) UNSIGNED NOT NULL,
  `ip_address` varchar(255) NOT NULL,
  `user_agent` varchar(255) DEFAULT NULL,
  `id_type` varchar(255) NOT NULL,
  `identifier` varchar(255) NOT NULL,
  `user_id` int(11) UNSIGNED DEFAULT NULL,
  `date` datetime NOT NULL,
  `success` tinyint(1) NOT NULL
) ENGINE=InnoDB DEFAULT CHARSET=utf8 COLLATE=utf8_general_ci;

--
-- Dumping data untuk tabel `auth_logins`
--

INSERT INTO `auth_logins` (`id`, `ip_address`, `user_agent`, `id_type`, `identifier`, `user_id`, `date`, `success`) VALUES
(1, '::1', 'Mozilla/5.0 (Windows NT 10.0; Win64; x64) AppleWebKit/537.36 (KHTML, like Gecko) Chrome/120.0.0.0 Safari/537.36', 'username', 'admin1', NULL, '2023-12-20 15:43:24', 0),
(2, '::1', 'Mozilla/5.0 (Windows NT 10.0; Win64; x64) AppleWebKit/537.36 (KHTML, like Gecko) Chrome/120.0.0.0 Safari/537.36', 'username', 'admin1', 1, '2023-12-20 15:43:45', 1),
(3, '::1', 'Mozilla/5.0 (Windows NT 10.0; Win64; x64) AppleWebKit/537.36 (KHTML, like Gecko) Chrome/120.0.0.0 Safari/537.36', 'username', 'admin1', NULL, '2023-12-20 15:46:50', 0),
(4, '::1', 'Mozilla/5.0 (Windows NT 10.0; Win64; x64) AppleWebKit/537.36 (KHTML, like Gecko) Chrome/120.0.0.0 Safari/537.36', 'username', 'admin1', NULL, '2023-12-20 15:47:00', 0),
(5, '::1', 'Mozilla/5.0 (Windows NT 10.0; Win64; x64) AppleWebKit/537.36 (KHTML, like Gecko) Chrome/120.0.0.0 Safari/537.36', 'username', 'admin1', NULL, '2023-12-20 15:47:10', 0),
(6, '::1', 'Mozilla/5.0 (Windows NT 10.0; Win64; x64) AppleWebKit/537.36 (KHTML, like Gecko) Chrome/120.0.0.0 Safari/537.36', 'username', 'admin1', 1, '2023-12-20 15:47:37', 1),
(7, '::1', 'Mozilla/5.0 (Windows NT 10.0; Win64; x64) AppleWebKit/537.36 (KHTML, like Gecko) Chrome/120.0.0.0 Safari/537.36', 'username', 'admin1', NULL, '2023-12-21 06:23:04', 0),
(8, '::1', 'Mozilla/5.0 (Windows NT 10.0; Win64; x64) AppleWebKit/537.36 (KHTML, like Gecko) Chrome/120.0.0.0 Safari/537.36', 'username', 'admin1', NULL, '2023-12-21 06:23:16', 0),
(9, '::1', 'Mozilla/5.0 (Windows NT 10.0; Win64; x64) AppleWebKit/537.36 (KHTML, like Gecko) Chrome/120.0.0.0 Safari/537.36', 'username', 'admin1', NULL, '2023-12-21 06:23:28', 0),
(10, '::1', 'Mozilla/5.0 (Windows NT 10.0; Win64; x64) AppleWebKit/537.36 (KHTML, like Gecko) Chrome/120.0.0.0 Safari/537.36', 'username', 'admin1', NULL, '2023-12-21 06:23:43', 0),
(11, '::1', 'Mozilla/5.0 (Windows NT 10.0; Win64; x64) AppleWebKit/537.36 (KHTML, like Gecko) Chrome/120.0.0.0 Safari/537.36', 'username', 'admin1', NULL, '2023-12-21 06:32:29', 0),
(12, '::1', 'Mozilla/5.0 (Windows NT 10.0; Win64; x64) AppleWebKit/537.36 (KHTML, like Gecko) Chrome/120.0.0.0 Safari/537.36', 'username', 'admin1', NULL, '2023-12-21 06:38:08', 0),
(13, '::1', 'Mozilla/5.0 (Windows NT 10.0; Win64; x64) AppleWebKit/537.36 (KHTML, like Gecko) Chrome/120.0.0.0 Safari/537.36', 'username', 'admin1', NULL, '2023-12-21 06:39:19', 0);

-- --------------------------------------------------------

--
-- Struktur dari tabel `auth_permissions_users`
--

CREATE TABLE `auth_permissions_users` (
  `id` int(11) UNSIGNED NOT NULL,
  `user_id` int(11) UNSIGNED NOT NULL,
  `permission` varchar(255) NOT NULL,
  `created_at` datetime NOT NULL
) ENGINE=InnoDB DEFAULT CHARSET=utf8 COLLATE=utf8_general_ci;

-- --------------------------------------------------------

--
-- Struktur dari tabel `auth_remember_tokens`
--

CREATE TABLE `auth_remember_tokens` (
  `id` int(11) UNSIGNED NOT NULL,
  `selector` varchar(255) NOT NULL,
  `hashedValidator` varchar(255) NOT NULL,
  `user_id` int(11) UNSIGNED NOT NULL,
  `expires` datetime NOT NULL,
  `created_at` datetime NOT NULL,
  `updated_at` datetime NOT NULL
) ENGINE=InnoDB DEFAULT CHARSET=utf8 COLLATE=utf8_general_ci;

-- --------------------------------------------------------

--
-- Struktur dari tabel `auth_token_logins`
--

CREATE TABLE `auth_token_logins` (
  `id` int(11) UNSIGNED NOT NULL,
  `ip_address` varchar(255) NOT NULL,
  `user_agent` varchar(255) DEFAULT NULL,
  `id_type` varchar(255) NOT NULL,
  `identifier` varchar(255) NOT NULL,
  `user_id` int(11) UNSIGNED DEFAULT NULL,
  `date` datetime NOT NULL,
  `success` tinyint(1) NOT NULL
) ENGINE=InnoDB DEFAULT CHARSET=utf8 COLLATE=utf8_general_ci;

-- --------------------------------------------------------

--
-- Struktur dari tabel `migrations`
--

CREATE TABLE `migrations` (
  `id` bigint(20) UNSIGNED NOT NULL,
  `version` varchar(255) NOT NULL,
  `class` varchar(255) NOT NULL,
  `group` varchar(255) NOT NULL,
  `namespace` varchar(255) NOT NULL,
  `time` int(11) NOT NULL,
  `batch` int(11) UNSIGNED NOT NULL
) ENGINE=InnoDB DEFAULT CHARSET=utf8 COLLATE=utf8_general_ci;

--
-- Dumping data untuk tabel `migrations`
--

INSERT INTO `migrations` (`id`, `version`, `class`, `group`, `namespace`, `time`, `batch`) VALUES
(1, '2020-12-28-223112', 'CodeIgniter\\Shield\\Database\\Migrations\\CreateAuthTables', 'default', 'CodeIgniter\\Shield', 1702551904, 1),
(2, '2021-07-04-041948', 'CodeIgniter\\Settings\\Database\\Migrations\\CreateSettingsTable', 'default', 'CodeIgniter\\Settings', 1702551904, 1),
(3, '2021-11-14-143905', 'CodeIgniter\\Settings\\Database\\Migrations\\AddContextColumn', 'default', 'CodeIgniter\\Settings', 1702551904, 1);

-- --------------------------------------------------------

--
-- Struktur dari tabel `settings`
--

CREATE TABLE `settings` (
  `id` int(9) NOT NULL,
  `class` varchar(255) NOT NULL,
  `key` varchar(255) NOT NULL,
  `value` text DEFAULT NULL,
  `type` varchar(31) NOT NULL DEFAULT 'string',
  `context` varchar(255) DEFAULT NULL,
  `created_at` datetime NOT NULL,
  `updated_at` datetime NOT NULL
) ENGINE=InnoDB DEFAULT CHARSET=utf8 COLLATE=utf8_general_ci;

-- --------------------------------------------------------

--
-- Struktur dari tabel `users`
--

CREATE TABLE `users` (
  `id` int(11) UNSIGNED NOT NULL,
  `username` varchar(30) DEFAULT NULL,
  `fullname` varchar(255) DEFAULT NULL,
  `user_image` varchar(255) NOT NULL,
  `status` varchar(255) DEFAULT NULL,
  `status_message` varchar(255) DEFAULT NULL,
  `active` tinyint(1) NOT NULL DEFAULT 0,
  `last_active` datetime DEFAULT NULL,
  `created_at` datetime DEFAULT NULL,
  `updated_at` datetime DEFAULT NULL,
  `deleted_at` datetime DEFAULT NULL
) ENGINE=InnoDB DEFAULT CHARSET=utf8 COLLATE=utf8_general_ci;

--
-- Dumping data untuk tabel `users`
--

INSERT INTO `users` (`id`, `username`, `fullname`, `user_image`, `status`, `status_message`, `active`, `last_active`, `created_at`, `updated_at`, `deleted_at`) VALUES
(1, 'admin1', 'Ziphius Cavier', 'user-65832acd5aed7.jpg', NULL, NULL, 1, NULL, '2023-12-14 11:16:20', '2023-12-20 17:56:29', NULL),
(2, 'superadmin', 'Mang Emon', 'default.svg', NULL, NULL, 1, NULL, '2023-12-14 15:11:53', '2023-12-20 16:49:16', NULL),
(3, 'admin2', 'Leonidas', 'default.svg', NULL, NULL, 0, NULL, '2023-12-14 16:33:31', '2023-12-20 16:52:38', NULL),
(5, 'user1', 'Muhamad Fauzi', 'default.svg', NULL, NULL, 0, NULL, '2023-12-14 16:49:37', '2023-12-20 16:53:26', NULL),
(16, 'penjual1', 'Amin Suprata', 'user-65832a2de17c6.jpeg', NULL, NULL, 1, NULL, '2023-12-20 15:52:25', '2023-12-20 17:53:49', NULL);

--
-- Indexes for dumped tables
--

--
-- Indeks untuk tabel `auth_groups_users`
--
ALTER TABLE `auth_groups_users`
  ADD PRIMARY KEY (`id`),
  ADD KEY `auth_groups_users_user_id_foreign` (`user_id`);

--
-- Indeks untuk tabel `auth_identities`
--
ALTER TABLE `auth_identities`
  ADD PRIMARY KEY (`id`),
  ADD UNIQUE KEY `type_secret` (`type`,`secret`),
  ADD KEY `user_id` (`user_id`);

--
-- Indeks untuk tabel `auth_logins`
--
ALTER TABLE `auth_logins`
  ADD PRIMARY KEY (`id`),
  ADD KEY `id_type_identifier` (`id_type`,`identifier`),
  ADD KEY `user_id` (`user_id`);

--
-- Indeks untuk tabel `auth_permissions_users`
--
ALTER TABLE `auth_permissions_users`
  ADD PRIMARY KEY (`id`),
  ADD KEY `auth_permissions_users_user_id_foreign` (`user_id`);

--
-- Indeks untuk tabel `auth_remember_tokens`
--
ALTER TABLE `auth_remember_tokens`
  ADD PRIMARY KEY (`id`),
  ADD UNIQUE KEY `selector` (`selector`),
  ADD KEY `auth_remember_tokens_user_id_foreign` (`user_id`);

--
-- Indeks untuk tabel `auth_token_logins`
--
ALTER TABLE `auth_token_logins`
  ADD PRIMARY KEY (`id`),
  ADD KEY `id_type_identifier` (`id_type`,`identifier`),
  ADD KEY `user_id` (`user_id`);

--
-- Indeks untuk tabel `migrations`
--
ALTER TABLE `migrations`
  ADD PRIMARY KEY (`id`);

--
-- Indeks untuk tabel `settings`
--
ALTER TABLE `settings`
  ADD PRIMARY KEY (`id`);

--
-- Indeks untuk tabel `users`
--
ALTER TABLE `users`
  ADD PRIMARY KEY (`id`),
  ADD UNIQUE KEY `username` (`username`);

--
-- AUTO_INCREMENT untuk tabel yang dibuang
--

--
-- AUTO_INCREMENT untuk tabel `auth_groups_users`
--
ALTER TABLE `auth_groups_users`
  MODIFY `id` int(11) UNSIGNED NOT NULL AUTO_INCREMENT, AUTO_INCREMENT=12;

--
-- AUTO_INCREMENT untuk tabel `auth_identities`
--
ALTER TABLE `auth_identities`
  MODIFY `id` int(11) UNSIGNED NOT NULL AUTO_INCREMENT, AUTO_INCREMENT=12;

--
-- AUTO_INCREMENT untuk tabel `auth_logins`
--
ALTER TABLE `auth_logins`
  MODIFY `id` int(11) UNSIGNED NOT NULL AUTO_INCREMENT, AUTO_INCREMENT=14;

--
-- AUTO_INCREMENT untuk tabel `auth_permissions_users`
--
ALTER TABLE `auth_permissions_users`
  MODIFY `id` int(11) UNSIGNED NOT NULL AUTO_INCREMENT;

--
-- AUTO_INCREMENT untuk tabel `auth_remember_tokens`
--
ALTER TABLE `auth_remember_tokens`
  MODIFY `id` int(11) UNSIGNED NOT NULL AUTO_INCREMENT;

--
-- AUTO_INCREMENT untuk tabel `auth_token_logins`
--
ALTER TABLE `auth_token_logins`
  MODIFY `id` int(11) UNSIGNED NOT NULL AUTO_INCREMENT;

--
-- AUTO_INCREMENT untuk tabel `migrations`
--
ALTER TABLE `migrations`
  MODIFY `id` bigint(20) UNSIGNED NOT NULL AUTO_INCREMENT, AUTO_INCREMENT=4;

--
-- AUTO_INCREMENT untuk tabel `settings`
--
ALTER TABLE `settings`
  MODIFY `id` int(9) NOT NULL AUTO_INCREMENT;

--
-- AUTO_INCREMENT untuk tabel `users`
--
ALTER TABLE `users`
  MODIFY `id` int(11) UNSIGNED NOT NULL AUTO_INCREMENT, AUTO_INCREMENT=18;

--
-- Ketidakleluasaan untuk tabel pelimpahan (Dumped Tables)
--

--
-- Ketidakleluasaan untuk tabel `auth_groups_users`
--
ALTER TABLE `auth_groups_users`
  ADD CONSTRAINT `auth_groups_users_user_id_foreign` FOREIGN KEY (`user_id`) REFERENCES `users` (`id`) ON DELETE CASCADE;

--
-- Ketidakleluasaan untuk tabel `auth_identities`
--
ALTER TABLE `auth_identities`
  ADD CONSTRAINT `auth_identities_user_id_foreign` FOREIGN KEY (`user_id`) REFERENCES `users` (`id`) ON DELETE CASCADE;

--
-- Ketidakleluasaan untuk tabel `auth_permissions_users`
--
ALTER TABLE `auth_permissions_users`
  ADD CONSTRAINT `auth_permissions_users_user_id_foreign` FOREIGN KEY (`user_id`) REFERENCES `users` (`id`) ON DELETE CASCADE;

--
-- Ketidakleluasaan untuk tabel `auth_remember_tokens`
--
ALTER TABLE `auth_remember_tokens`
  ADD CONSTRAINT `auth_remember_tokens_user_id_foreign` FOREIGN KEY (`user_id`) REFERENCES `users` (`id`) ON DELETE CASCADE;
COMMIT;

/*!40101 SET CHARACTER_SET_CLIENT=@OLD_CHARACTER_SET_CLIENT */;
/*!40101 SET CHARACTER_SET_RESULTS=@OLD_CHARACTER_SET_RESULTS */;
/*!40101 SET COLLATION_CONNECTION=@OLD_COLLATION_CONNECTION */;
